{"train/reward":{"max":-9.734950065612793},"train/loss":-2.2971396446228027,"epoch":0,"_wandb":{"runtime":374},"_runtime":374,"trainer/global_step":1549,"_timestamp":1.764969729093688e+09,"_step":30}