{"_runtime":180,"val-1/X-n153-k22":-37.43024444580078,"val-1/X-n376-k94":-197.24166870117188,"val-1/X-n317-k53":-109.83671569824219,"train/loss":-7.751429080963135,"val-1/X-n125-k30":-72.27996826171875,"val-1/X-n420-k130":-151.24136352539062,"val-1/X-n134-k13":-26.774188995361328,"val-1/X-n115-k10":-24.37995147705078,"val-1/X-n120-k6":-27.98610496520996,"trainer/global_step":79,"_wandb":{"runtime":180},"val/10k-reward-small":{"max":-40.34163284301758},"val-1/X-n367-k17":-60.69321060180664,"epoch":4,"val-1/X-n129-k18":-43.51313400268555,"val-1/X-n393-k38":-87.17765808105469,"val/10k-reward-large":{"max":-108.59405517578125},"val-1/X-n384-k52":-119.79336547851562,"val/10k-reward":{"max":-74.46784210205078},"_timestamp":1.7649700842841818e+09,"_step":5,"val-1/X-n172-k51":-65.11302185058594,"val-1/X-n351-k40":-59.15349578857422,"val/reward":{"max":-72.93597412109375},"train/reward":{"max":-22.31985855102539},"val-1/X-n110-k13":-25.256450653076172,"val-1/X-n344-k43":-83.61497497558594}