{"val-1/X-n420-k130":-156.12277221679688,"trainer/global_step":111,"val-1/X-n153-k22":-37.40281677246094,"_step":8,"val/10k-reward-small":{"max":-38.582637786865234},"val-1/X-n393-k38":-73.6429214477539,"val-1/X-n317-k53":-101.31977844238281,"val/reward":{"max":-67.0472640991211},"val-1/X-n376-k94":-179.0587921142578,"val-1/X-n134-k13":-24.214527130126953,"val-1/X-n129-k18":-38.250328063964844,"val-1/X-n115-k10":-23.15325927734375,"epoch":6,"val-1/X-n120-k6":-22.451231002807617,"val-1/X-n367-k17":-59.42372512817383,"_wandb":{"runtime":165},"val/10k-reward":{"max":-69.06427001953125},"val-1/X-n110-k13":-21.775348663330078,"val-1/X-n344-k43":-71.02046203613281,"val-1/X-n351-k40":-54.62812042236328,"val-1/X-n172-k51":-70.33726501464844,"_runtime":165,"train/loss":-4.42646598815918,"val/10k-reward-large":{"max":-99.54590606689453},"val-1/X-n125-k30":-71.07633209228516,"_timestamp":1.7649700934356208e+09,"train/reward":{"max":-14.046347618103027},"val-1/X-n384-k52":-101.15069580078125}