{"_step":0,"train/reward":{"max":-18.97046661376953},"train/loss":-5.5580668449401855,"epoch":0,"trainer/global_step":49,"_wandb":{"runtime":37},"_runtime":37,"_timestamp":1.764969778105214e+09}