{"train/reward":{"max":-15.379433631896973},"val/10k-reward-large":{"max":-105.0445327758789},"epoch":6,"val-1/X-n120-k6":-25.496810913085938,"val/reward":{"max":-66.27938842773438},"_timestamp":1.7649700887956126e+09,"_step":7,"val-1/X-n420-k130":-150.34783935546875,"val-1/X-n351-k40":-54.16269302368164,"val-1/X-n384-k52":-111.23789978027344,"_wandb":{"runtime":178},"val/10k-reward-small":{"max":-38.91847610473633},"val/10k-reward":{"max":-71.98150634765625},"val-1/X-n134-k13":-24.630887985229492,"val-1/X-n115-k10":-24.273414611816406,"train/loss":-4.948684215545654,"val-1/X-n129-k18":-41.60331726074219,"val-1/X-n172-k51":-65.20123291015625,"val-1/X-n367-k17":-65.21306610107422,"val-1/X-n153-k22":-38.41632843017578,"trainer/global_step":99,"val-1/X-n344-k43":-80.4174575805664,"val-1/X-n376-k94":-188.44830322265625,"val-1/X-n110-k13":-23.492834091186523,"val-1/X-n317-k53":-106.57075500488281,"_runtime":178,"val-1/X-n125-k30":-68.23297119140625,"val-1/X-n393-k38":-83.95823669433594}