{"val/reward":{"max":-51.83701705932617},"_wandb":{"runtime":4654},"val/10k-reward":{"max":0},"epoch":4,"trainer/global_step":7814,"_timestamp":1.7649637333212206e+09,"_step":160,"train/loss":-0.6844770908355713,"train/reward":{"max":-12.610487937927246},"_runtime":4654}