{"val-1/X-n351-k40":-54.82258224487305,"val-1/X-n134-k13":-26.1356258392334,"_step":8,"val-1/X-n110-k13":-21.89860725402832,"val-1/X-n384-k52":-105.21867370605469,"val-1/X-n317-k53":-97.09828186035156,"val-1/X-n393-k38":-81.03433227539062,"val-1/X-n420-k130":-146.74705505371094,"val/10k-reward-large":{"max":-100.16858673095703},"val-1/X-n376-k94":-183.53636169433594,"val-1/X-n172-k51":-63.706153869628906,"val-1/X-n115-k10":-23.533077239990234,"_timestamp":1.7649700886535144e+09,"val-1/X-n120-k6":-23.113067626953125,"val-1/X-n367-k17":-59.23290252685547,"val/10k-reward":{"max":-69.12052154541016},"trainer/global_step":111,"epoch":6,"_runtime":170,"val-1/X-n129-k18":-40.75330352783203,"val-1/X-n125-k30":-66.3857421875,"val/10k-reward-small":{"max":-38.07246017456055},"train/loss":-5.276911735534668,"val-1/X-n153-k22":-39.054100036621094,"_wandb":{"runtime":170},"val-1/X-n344-k43":-73.65849304199219,"train/reward":{"max":-17.284067153930664},"val/reward":{"max":-68.9380874633789}}