{"train/loss":-3.120866537094116,"epoch":0,"trainer/global_step":1549,"_timestamp":1.7649697557200575e+09,"_step":30,"train/reward":{"max":-10.824698448181152},"_wandb":{"runtime":392},"_runtime":392}