{"trainer/global_step":1499,"_wandb":{"runtime":425},"_runtime":425,"_timestamp":1.7649697867637227e+09,"_step":29,"train/reward":{"max":-9.325749397277832},"train/loss":-2.4017999172210693,"epoch":0}