{"val/10k-reward":{"max":-72.33761596679688},"val-1/X-n125-k30":-67.54639434814453,"val-1/X-n376-k94":-187.45306396484375,"_wandb":{"runtime":173},"val-1/X-n420-k130":-154.53872680664062,"epoch":5,"val/10k-reward-large":{"max":-105.39817810058594},"_runtime":173,"val-1/X-n120-k6":-25.646780014038086,"val-1/X-n367-k17":-62.855918884277344,"val-1/X-n115-k10":-25.017236709594727,"val-1/X-n134-k13":-26.05210304260254,"val-1/X-n317-k53":-102.1636734008789,"val-1/X-n393-k38":-84.17977142333984,"train/reward":{"max":-27.951356887817383},"val-1/X-n351-k40":-57.10038757324219,"val-1/X-n110-k13":-24.449546813964844,"train/loss":-10.053771018981934,"val/10k-reward-small":{"max":-39.27705764770508},"val-1/X-n129-k18":-42.92089080810547,"val-1/X-n344-k43":-81.85595703125,"val/reward":{"max":-65.85008239746094},"val-1/X-n172-k51":-64.80545043945312,"val-1/X-n384-k52":-113.0379409790039,"trainer/global_step":95,"_step":6,"_timestamp":1.7649701069367714e+09,"val-1/X-n153-k22":-37.77805709838867}