{"epoch":0,"trainer/global_step":1199,"_timestamp":1.7649697845962439e+09,"_step":23,"_wandb":{"runtime":421},"_runtime":421,"train/reward":{"max":-11.735650062561035},"train/loss":-3.6907174587249756}