{"val-1/X-n134-k13":-25.635746002197266,"val/reward":{"max":-68.53016662597656},"_step":7,"val-1/X-n420-k130":-162.76699829101562,"val-1/X-n317-k53":-108.88338470458984,"val/10k-reward":{"max":-71.69597625732422},"val-1/X-n376-k94":-192.40408325195312,"val-1/X-n115-k10":-23.153608322143555,"val-1/X-n351-k40":-54.73055648803711,"_wandb":{"runtime":167},"val/10k-reward-small":{"max":-37.49833679199219},"val-1/X-n344-k43":-77.50741577148438,"_timestamp":1.764970104065343e+09,"train/loss":-4.490678787231445,"val-1/X-n393-k38":-78.80624389648438,"val-1/X-n153-k22":-35.30791473388672,"train/reward":{"max":-14.10637378692627},"val/10k-reward-large":{"max":-105.89361572265625},"val-1/X-n384-k52":-113.62147521972656,"_runtime":167,"val-1/X-n110-k13":-23.283658981323242,"val-1/X-n129-k18":-38.78941345214844,"val-1/X-n120-k6":-23.392616271972656,"val-1/X-n172-k51":-61.76365661621094,"val-1/X-n125-k30":-68.66008758544922,"epoch":6,"trainer/global_step":99,"val-1/X-n367-k17":-58.42877197265625}