{"train/reward":{"max":-19.450393676757812},"train/loss":-6.13941764831543,"val-1/X-n376-k94":-182.77890014648438,"epoch":6,"trainer/global_step":99,"_step":7,"val-1/X-n110-k13":-22.463237762451172,"val-1/X-n172-k51":-66.17491149902344,"val-1/X-n153-k22":-36.09478759765625,"val/10k-reward-large":{"max":-100.80976867675781},"val-1/X-n120-k6":-25.289039611816406,"val-1/X-n317-k53":-107.97114562988281,"val-1/X-n351-k40":-54.03739929199219,"val-1/X-n115-k10":-24.08332061767578,"val-1/X-n367-k17":-54.37034225463867,"_runtime":175,"val/10k-reward":{"max":-69.70977020263672},"val-1/X-n344-k43":-73.92271423339844,"_timestamp":1.7649701080869272e+09,"val-1/X-n125-k30":-68.55640411376953,"val-1/X-n384-k52":-106.52429962158203,"val-1/X-n393-k38":-76.97348022460938,"val/10k-reward-small":{"max":-38.609764099121094},"val-1/X-n129-k18":-39.79790496826172,"_wandb":{"runtime":175},"val-1/X-n420-k130":-149.89987182617188,"val-1/X-n134-k13":-26.418521881103516,"val/reward":{"max":-64.0960693359375}}