{"train/reward":{"max":-11.777253150939941},"train/loss":-3.2416508197784424,"_runtime":406,"_wandb":{"runtime":406},"epoch":0,"trainer/global_step":1549,"_timestamp":1.7649697679908614e+09,"_step":30}