{"train/reward":{"max":-8.938661575317383},"train/loss":-2.170891046524048,"epoch":0,"trainer/global_step":1549,"_timestamp":1.764969746697483e+09,"_wandb":{"runtime":383},"_runtime":383,"_step":30}