{"val-1/X-n120-k6":-23.594505310058594,"val-1/X-n367-k17":-65.61483764648438,"val-1/X-n420-k130":-164.0558624267578,"train/loss":-5.859914779663086,"epoch":6,"val/10k-reward":{"max":-74.54138946533203},"val-1/X-n317-k53":-113.19239807128906,"trainer/global_step":111,"val-1/X-n129-k18":-39.793670654296875,"val-1/X-n115-k10":-25.498409271240234,"_timestamp":1.764970093392527e+09,"val-1/X-n134-k13":-26.069185256958008,"val-1/X-n393-k38":-81.2244873046875,"val-1/X-n172-k51":-65.5323257446289,"val-1/X-n110-k13":-25.164731979370117,"_wandb":{"runtime":172},"val-1/X-n125-k30":-68.16707611083984,"val-1/X-n351-k40":-54.852806091308594,"_step":8,"val/10k-reward-small":{"max":-39.02947998046875},"_runtime":172,"val-1/X-n376-k94":-195.52047729492188,"train/reward":{"max":-18.969938278198242},"val/reward":{"max":-73.4638442993164},"val/10k-reward-large":{"max":-110.05329895019531},"val-1/X-n384-k52":-117.23739624023438,"val-1/X-n344-k43":-88.72813415527344,"val-1/X-n153-k22":-38.41594696044922}